{"cameraMode":{"drawMode":0,"name":"Shaded","section":"Shading Mode"},"sceneLighting":true,"audioPlay":false,"sceneViewState":{"showFog":true,"showMaterialUpdate":false,"showSkybox":true,"showFlares":true,"showImageEffects":true,"showParticleSystems":true},"in2DMode":false,"pivot":{"x":-3.1647191047668459,"y":10.87891674041748,"z":134.56121826171876},"rotation":{"x":0.18049079179763795,"y":0.012394607067108155,"z":-0.0022746881004422905,"w":0.9834959506988525},"size":10.0,"orthographic":false}