{"cameraMode":{"drawMode":0,"name":"Shaded","section":"Shading Mode"},"sceneLighting":true,"audioPlay":false,"sceneViewState":{"showFog":true,"showMaterialUpdate":false,"showSkybox":true,"showFlares":true,"showImageEffects":true,"showParticleSystems":true},"in2DMode":false,"pivot":{"x":3.565479278564453,"y":7.983728408813477,"z":131.37069702148438},"rotation":{"x":-0.22047476470470429,"y":0.4485516846179962,"z":-0.11520207673311234,"w":-0.8584409356117249},"size":46.67918395996094,"orthographic":false}