{"cameraMode":{"drawMode":0,"name":"Shaded","section":"Shading Mode"},"sceneLighting":true,"audioPlay":false,"sceneViewState":{"showFog":true,"showMaterialUpdate":false,"showSkybox":true,"showFlares":true,"showImageEffects":true,"showParticleSystems":true},"in2DMode":false,"pivot":{"x":1.9639892578125,"y":4.982179641723633,"z":125.08424377441406},"rotation":{"x":-0.2414553016424179,"y":0.5087668299674988,"z":-0.15121197700500489,"w":-0.8123981356620789},"size":46.37918472290039,"orthographic":false}